Model,Accuracy
Text Only,0.5256410256410257
Image Only ResNet18,0.5064102564102564
Fusion,0.5
